{
 "constlr_156": {
  "n_images": 4,
  "centroid_mean": 0.49947284162044525,
  "centroid_per_image": [
   0.43686172366142273,
   0.31978359818458557,
   0.7084429860115051,
   0.5328030586242676
  ],
  "nn_mean": 0.5116712749004364
 },
 "constlr_780": {
  "n_images": 4,
  "centroid_mean": 0.39926583133637905,
  "centroid_per_image": [
   0.5017760992050171,
   0.0922979936003685,
   0.5209022164344788,
   0.48208701610565186
  ],
  "nn_mean": 0.4606540948152542
 },
 "control260A_260": {
  "n_images": 4,
  "centroid_mean": 0.4554351791739464,
  "centroid_per_image": [
   0.4244953691959381,
   0.18888625502586365,
   0.7087127566337585,
   0.4996463358402252
  ],
  "nn_mean": 0.5065770074725151
 },
 "control260B_260": {
  "n_images": 4,
  "centroid_mean": 0.4372243918478489,
  "centroid_per_image": [
   0.583595871925354,
   0.1721312552690506,
   0.5116370320320129,
   0.481533408164978
  ],
  "nn_mean": 0.509927824139595
 },
 "control260C_260": {
  "n_images": 4,
  "centroid_mean": 0.4829177223145962,
  "centroid_per_image": [
   0.5473021268844604,
   0.17312823235988617,
   0.6516005992889404,
   0.5596399307250977
  ],
  "nn_mean": 0.49863605201244354
 },
 "control260D_260": {
  "n_images": 4,
  "centroid_mean": 0.44613052532076836,
  "centroid_per_image": [
   0.39964374899864197,
   0.21459759771823883,
   0.6719112396240234,
   0.4983695149421692
  ],
  "nn_mean": 0.46467942744493484
 },
 "control260E_260": {
  "n_images": 4,
  "centroid_mean": 0.4284224808216095,
  "centroid_per_image": [
   0.5014086961746216,
   0.16624188423156738,
   0.5009896755218506,
   0.5450496673583984
  ],
  "nn_mean": 0.44319961965084076
 },
 "control260F_260": {
  "n_images": 4,
  "centroid_mean": 0.485858678817749,
  "centroid_per_image": [
   0.5331398844718933,
   0.21533513069152832,
   0.6743095517158508,
   0.5206501483917236
  ],
  "nn_mean": 0.4958122968673706
 },
 "control260G_260": {
  "n_images": 4,
  "centroid_mean": 0.50013118237257,
  "centroid_per_image": [
   0.5862385034561157,
   0.2340739667415619,
   0.6618760228157043,
   0.5183362364768982
  ],
  "nn_mean": 0.5208041593432426
 },
 "control260H_260": {
  "n_images": 4,
  "centroid_mean": 0.4952877052128315,
  "centroid_per_image": [
   0.5952434539794922,
   0.15826846659183502,
   0.6283451914787292,
   0.5992937088012695
  ],
  "nn_mean": 0.5009075030684471
 },
 "controlB_156": {
  "n_images": 4,
  "centroid_mean": 0.40303752571344376,
  "centroid_per_image": [
   0.37973105907440186,
   0.22426828742027283,
   0.5264196395874023,
   0.481731116771698
  ],
  "nn_mean": 0.4314795881509781
 },
 "controlC_156": {
  "n_images": 4,
  "centroid_mean": 0.40123180858790874,
  "centroid_per_image": [
   0.43103551864624023,
   0.09822868555784225,
   0.6141430735588074,
   0.4615199565887451
  ],
  "nn_mean": 0.4300571531057358
 },
 "controlD_156": {
  "n_images": 4,
  "centroid_mean": 0.4660693369805813,
  "centroid_per_image": [
   0.4970664978027344,
   0.1612377017736435,
   0.6498795747756958,
   0.5560935735702515
  ],
  "nn_mean": 0.4526692256331444
 },
 "controlE_156": {
  "n_images": 4,
  "centroid_mean": 0.4666404016315937,
  "centroid_per_image": [
   0.5485250949859619,
   0.21486617624759674,
   0.5613427758216858,
   0.5418275594711304
  ],
  "nn_mean": 0.47048626840114594
 },
 "controlF_156": {
  "n_images": 4,
  "centroid_mean": 0.46409736201167107,
  "centroid_per_image": [
   0.5077704191207886,
   0.12795709073543549,
   0.6987785696983337,
   0.5218833684921265
  ],
  "nn_mean": 0.4776109755039215
 },
 "controlG_156": {
  "n_images": 4,
  "centroid_mean": 0.4339718818664551,
  "centroid_per_image": [
   0.4867516756057739,
   0.22089701890945435,
   0.5864496231079102,
   0.4417892098426819
  ],
  "nn_mean": 0.4838148057460785
 },
 "controlH_156": {
  "n_images": 4,
  "centroid_mean": 0.43019911274313927,
  "centroid_per_image": [
   0.4705585837364197,
   0.17110280692577362,
   0.5758457183837891,
   0.5032893419265747
  ],
  "nn_mean": 0.46137116104364395
 },
 "control_156": {
  "n_images": 4,
  "centroid_mean": 0.4633565619587898,
  "centroid_per_image": [
   0.4994729161262512,
   0.30231091380119324,
   0.5370136499404907,
   0.5146287679672241
  ],
  "nn_mean": 0.4698432683944702
 },
 "control_780": {
  "n_images": 4,
  "centroid_mean": 0.5158804059028625,
  "centroid_per_image": [
   0.44164979457855225,
   0.33576321601867676,
   0.6574923992156982,
   0.628616213798523
  ],
  "nn_mean": 0.5350655019283295
 },
 "dim64_156": {
  "n_images": 4,
  "centroid_mean": 0.39964402839541435,
  "centroid_per_image": [
   0.35483190417289734,
   0.23802538216114044,
   0.5426379442214966,
   0.46308088302612305
  ],
  "nn_mean": 0.45974281430244446
 },
 "dim64_780": {
  "n_images": 4,
  "centroid_mean": 0.4163649454712868,
  "centroid_per_image": [
   0.5384767055511475,
   0.17379486560821533,
   0.3941080868244171,
   0.5590801239013672
  ],
  "nn_mean": 0.490032896399498
 },
 "lr2e4_156": {
  "n_images": 4,
  "centroid_mean": 0.4972664564847946,
  "centroid_per_image": [
   0.3526460826396942,
   0.30524709820747375,
   0.7200864553451538,
   0.6110861897468567
  ],
  "nn_mean": 0.48728717863559723
 },
 "lr2e4_780": {
  "n_images": 4,
  "centroid_mean": 0.4844338819384575,
  "centroid_per_image": [
   0.5464695692062378,
   0.2904835045337677,
   0.5419049263000488,
   0.5588775277137756
  ],
  "nn_mean": 0.4895138517022133
 }
}