{
 "constlr_156": {
  "n_images": 4,
  "centroid_mean": 0.49947284162044525,
  "centroid_per_image": [
   0.43686172366142273,
   0.31978359818458557,
   0.7084429860115051,
   0.5328030586242676
  ],
  "nn_mean": 0.5116712749004364
 },
 "constlr_780": {
  "n_images": 4,
  "centroid_mean": 0.39926583133637905,
  "centroid_per_image": [
   0.5017760992050171,
   0.0922979936003685,
   0.5209022164344788,
   0.48208701610565186
  ],
  "nn_mean": 0.4606540948152542
 },
 "controlB_156": {
  "n_images": 4,
  "centroid_mean": 0.40303752571344376,
  "centroid_per_image": [
   0.37973105907440186,
   0.22426828742027283,
   0.5264196395874023,
   0.481731116771698
  ],
  "nn_mean": 0.4314795881509781
 },
 "controlC_156": {
  "n_images": 4,
  "centroid_mean": 0.40123180858790874,
  "centroid_per_image": [
   0.43103551864624023,
   0.09822868555784225,
   0.6141430735588074,
   0.4615199565887451
  ],
  "nn_mean": 0.4300571531057358
 },
 "control_156": {
  "n_images": 4,
  "centroid_mean": 0.4633565619587898,
  "centroid_per_image": [
   0.4994729161262512,
   0.30231091380119324,
   0.5370136499404907,
   0.5146287679672241
  ],
  "nn_mean": 0.4698432683944702
 },
 "control_780": {
  "n_images": 4,
  "centroid_mean": 0.5158804059028625,
  "centroid_per_image": [
   0.44164979457855225,
   0.33576321601867676,
   0.6574923992156982,
   0.628616213798523
  ],
  "nn_mean": 0.5350655019283295
 },
 "dim64_156": {
  "n_images": 4,
  "centroid_mean": 0.39964402839541435,
  "centroid_per_image": [
   0.35483190417289734,
   0.23802538216114044,
   0.5426379442214966,
   0.46308088302612305
  ],
  "nn_mean": 0.45974281430244446
 },
 "dim64_780": {
  "n_images": 4,
  "centroid_mean": 0.4163649454712868,
  "centroid_per_image": [
   0.5384767055511475,
   0.17379486560821533,
   0.3941080868244171,
   0.5590801239013672
  ],
  "nn_mean": 0.490032896399498
 },
 "lr2e4_156": {
  "n_images": 4,
  "centroid_mean": 0.4972664564847946,
  "centroid_per_image": [
   0.3526460826396942,
   0.30524709820747375,
   0.7200864553451538,
   0.6110861897468567
  ],
  "nn_mean": 0.48728717863559723
 },
 "lr2e4_780": {
  "n_images": 4,
  "centroid_mean": 0.4844338819384575,
  "centroid_per_image": [
   0.5464695692062378,
   0.2904835045337677,
   0.5419049263000488,
   0.5588775277137756
  ],
  "nn_mean": 0.4895138517022133
 }
}