{
 "gen_dir": "art_batch",
 "n_real": 31,
 "n_gen": 250,
 "sigma2": 1.386448860168457,
 "real_real": 0.6319095492362976,
 "gen_gen": 0.6158206462860107,
 "real_gen": 0.599407434463501,
 "mmd2": 0.04891538619995117,
 "p_value": 0.0,
 "n_permutations": 2000,
 "self_split_mean": 0.0002469760179519653,
 "self_split_min": -0.016293764114379883,
 "self_split_max": 0.031023144721984863
}